Character,Quote
Alice,"The battlefield is my home, and my sword is my voice. No enemy shall silence it."
Bob,"The arcane is the true power of the universe. With my staff, I shape the world, one spell at a time."
Charlie,"From the mountains to the valleys, my bow never misses its mark. Silence is my ally, and the arrow is my message."
Diana,"Healing isn't just a power; it's a responsibility. I mend the broken and restore hope to the wounded."
Ethan,"A thief is not defined by what he takes, but by how silently he takes it. Shadows are my second skin."
Freya,"The crystal holds the power of ages. I wield it to bend the fabric of reality, weaving magic from the depths of the unknown."
Greg,"A knight is not measured by the strength of his sword, but by the courage in his heart. Honor is my shield, and justice is my sword."
Hana,"In the darkness, I am unseen. In the silence, I am feared. My blades strike when you least expect them."
Ivan,"I do not fight for glory, but for the roar of battle. The plains are where my fury is free, and my axe does the talking."
Jack,"Innovation is born from chaos. Give me tools, and I'll create wonders. The world is a machine, and Iâ€™m here to fix it."

